西暦（暦年）,地　域,国（地域）名・在外公館名,全体集計合計,全体集計前年比（増減率）,長期滞在者合計,長期滞在者全体比,長期滞在者前年比（増減率）,永住者合計,永住者全体比,永住者前年比（増減率）,成人数
2025年10月1日,アジア,インド,"8,865 ",9.4%,"8,459 ",95.4%,9.8%,406 ,4.6%,1.5%,"7,201 "
2025年10月1日,アジア,インドネシア,"15,266 ",2.2%,"13,479 ",88.3%,2.7%,"1,787 ",11.7%,-1.2%,"11,869 "
2025年10月1日,アジア,カンボジア,"2,915 ",-3.2%,"2,754 ",94.5%,-3.6%,161 ,5.5%,3.9%,"2,448 "
2025年10月1日,アジア,シンガポール,"33,397 ",2.6%,"28,549 ",85.5%,3.0%,"4,848 ",14.5%,-0.1%,"25,198 "
2025年10月1日,アジア,スリランカ,553 ,-8.6%,426 ,77.0%,-10.1%,127 ,23.0%,-3.1%,439 
2025年10月1日,アジア,タイ,"72,113 ",2.4%,"69,380 ",96.2%,2.2%,"2,733 ",3.8%,7.0%,"61,642 "
2025年10月1日,アジア,韓国,"44,471 ",3.3%,"27,242 ",61.3%,3.1%,"17,229 ",38.7%,3.6%,"33,640 "
2025年10月1日,アジア,台湾,"21,755 ",0.3%,"14,437 ",66.4%,-0.9%,"7,318 ",33.6%,2.7%,"16,906 "
2025年10月1日,アジア,中国,"92,928 ",-4.7%,"86,351 ",92.9%,-5.7%,"6,577 ",7.1%,9.8%,"79,100 "
2025年10月1日,アジア,ネパール,472 ,4.9%,434 ,91.9%,4.1%,38 ,8.1%,15.2%,409 
2025年10月1日,アジア,パキスタン,738 ,-23.4%,403 ,54.6%,-14.3%,335 ,45.4%,-32.2%,558 
2025年10月1日,アジア,バングラデシュ,"1,037 ",7.5%,955 ,92.1%,7.4%,82 ,7.9%,7.9%,882 
2025年10月1日,アジア,東ティモール,123 ,7.9%,122 ,99.2%,7.0%,1 ,0.8%,-,114 
2025年10月1日,アジア,フィリピン,"13,342 ",5.5%,"8,750 ",65.6%,7.8%,"4,592 ",34.4%,1.3%,"11,220 "
2025年10月1日,アジア,ブータン,91 ,1.1%,82 ,90.1%,1.2%,9 ,9.9%,0.0%,74 
2025年10月1日,アジア,ブルネイ,117 ,-8.6%,107 ,91.5%,-7.8%,10 ,8.5%,-16.7%,88 
2025年10月1日,アジア,ベトナム,"16,636 ",-4.4%,"16,086 ",96.7%,-4.8%,550 ,3.3%,6.8%,"13,668 "
2025年10月1日,アジア,マレーシア,"19,690 ",-1.7%,"17,923 ",91.0%,-0.5%,"1,767 ",9.0%,-12.0%,"14,834 "
2025年10月1日,アジア,ミャンマー,"1,768 ",-18.2%,"1,745 ",98.7%,-18.5%,23 ,1.3%,9.5%,"1,578 "
2025年10月1日,アジア,モルディブ,98 ,1.0%,89 ,90.8%,4.7%,9 ,9.2%,-25.0%,79 
2025年10月1日,アジア,モンゴル,337 ,-8.4%,300 ,89.0%,-9.6%,37 ,11.0%,2.8%,272 
2025年10月1日,アジア,ラオス,621 ,0.5%,571 ,91.9%,0.7%,50 ,8.1%,-2.0%,513 
2025年10月1日,大洋州,オーストラリア,"105,566 ",1.4%,"40,481 ",38.3%,1.0%,"65,085 ",61.7%,1.6%,"83,370 "
2025年10月1日,大洋州,北マリアナ諸島（米領-サイパン）,493 ,0.0%,178 ,36.1%,-11.9%,315 ,63.9%,8.2%,368 
2025年10月1日,大洋州,キリバス,13 ,62.5%,9 ,69.2%,80.0%,4 ,30.8%,33.3%,11 
2025年10月1日,大洋州,グアム（米領）,"2,697 ",-0.8%,539 ,20.0%,5.7%,"2,158 ",80.0%,-2.3%,"2,158 "
2025年10月1日,大洋州,クック諸島,5 ,25.0%,2 ,40.0%,0.0%,3 ,60.0%,50.0%,4 
2025年10月1日,大洋州,サモア（米領）,6 ,0.0%,0 ,0.0%,-,6 ,100.0%,0.0%,4 
2025年10月1日,大洋州,サモア独立国,69 ,3.0%,51 ,73.9%,6.3%,18 ,26.1%,-5.3%,58 
2025年10月1日,大洋州,ソロモン諸島,72 ,22.0%,72 ,100.0%,22.0%,0 ,0.0%,-,64 
2025年10月1日,大洋州,ツバル,3 ,-,3 ,100.0%,-,0 ,0.0%,-,2 
2025年10月1日,大洋州,トンガ,54 ,12.5%,44 ,81.5%,15.8%,10 ,18.5%,0.0%,47 
2025年10月1日,大洋州,ナウル,0 ,-,0 ,-,-,0 ,-,-,0 
2025年10月1日,大洋州,ニウエ,3 ,0.0%,2 ,66.7%,0.0%,1 ,33.3%,0.0%,3 
2025年10月1日,大洋州,ニューカレドニア（仏領）,225 ,-23.7%,125 ,55.6%,-18.8%,100 ,44.4%,-29.1%,169 
2025年10月1日,大洋州,ニュージーランド,"21,471 ",5.7%,"8,942 ",41.6%,10.2%,"12,529 ",58.4%,2.7%,"17,028 "
2025年10月1日,大洋州,バヌアツ,84 ,-4.5%,84 ,100.0%,-4.5%,0 ,0.0%,-,74 
2025年10月1日,大洋州,パプアニューギニア,127 ,9.5%,121 ,95.3%,11.0%,6 ,4.7%,-14.3%,104 
2025年10月1日,大洋州,パラオ,273 ,0.4%,200 ,73.3%,11.1%,73 ,26.7%,-20.7%,216 
2025年10月1日,大洋州,フィジー,262 ,-13.8%,257 ,98.1%,-13.8%,5 ,1.9%,-16.7%,190 
2025年10月1日,大洋州,ポリネシア（仏領－タヒチ）,138 ,0.7%,95 ,68.8%,3.3%,43 ,31.2%,-4.4%,103 
2025年10月1日,大洋州,マーシャル,56 ,-12.5%,55 ,98.2%,-12.7%,1 ,1.8%,0.0%,44 
2025年10月1日,大洋州,ミクロネシア,90 ,13.9%,73 ,81.1%,23.7%,17 ,18.9%,-15.0%,85 
2025年10月1日,北米,米国,"416,380 ",0.7%,"182,905 ",43.9%,-0.1%,"233,475 ",56.1%,1.3%,"343,057 "
2025年10月1日,北米,カナダ,"75,316 ",-2.6%,"23,747 ",31.5%,-4.4%,"51,569 ",68.5%,-1.7%,"60,353 "
2025年10月1日,北米,グリーンランド（デンマーク領）,5 ,-28.6%,1 ,20.0%,0.0%,4 ,80.0%,-33.3%,5 
2025年10月1日,中米,アルバ（蘭領）,3 ,-70.0%,0 ,0.0%,-100.0%,3 ,100.0%,-40.0%,2 
2025年10月1日,中米,アンティグア・バーブーダ,2 ,-66.7%,1 ,50.0%,0.0%,1 ,50.0%,-80.0%,2 
2025年10月1日,中米,エルサルバドル,145 ,4.3%,87 ,60.0%,3.6%,58 ,40.0%,5.5%,118 
2025年10月1日,中米,キュラソー（蘭領）,4 ,-66.7%,4 ,100.0%,-66.7%,0 ,0.0%,-,2 
2025年10月1日,中米,キューバ,51 ,-7.3%,30 ,58.8%,-9.1%,21 ,41.2%,-4.5%,46 
2025年10月1日,中米,グアテマラ,247 ,-2.4%,113 ,45.7%,-2.6%,134 ,54.3%,-2.2%,209 
2025年10月1日,中米,グアドループ（仏領）,8 ,0.0%,3 ,37.5%,-25.0%,5 ,62.5%,25.0%,6 
2025年10月1日,中米,グレナダ,0 ,-,0 ,-,-,0 ,-,-,0 
2025年10月1日,中米,コスタリカ,358 ,2.3%,222 ,62.0%,0.0%,136 ,38.0%,6.3%,291 
2025年10月1日,中米,サン・バルテルミー（仏領）,1 ,-,1 ,100.0%,-,0 ,0.0%,-,1 
2025年10月1日,中米,サン・マルタン（仏領）,5 ,0.0%,3 ,60.0%,-25.0%,2 ,40.0%,100.0%,4 
2025年10月1日,中米,ジャマイカ,173 ,-2.8%,137 ,79.2%,-1.4%,36 ,20.8%,-7.7%,133 
2025年10月1日,中米,シント・マールテン（蘭領）,0 ,-100.0%,0 ,-,-100.0%,0 ,-,-100.0%,0 
2025年10月1日,中米,セントクリストファー・ネービス,0 ,-,0 ,-,-,0 ,-,-,0 
2025年10月1日,中米,セントビンセント及びグレナディーン諸島,1 ,-50.0%,0 ,0.0%,-100.0%,1 ,100.0%,0.0%,1 
2025年10月1日,中米,セントルシア,27 ,0.0%,24 ,88.9%,0.0%,3 ,11.1%,0.0%,22 
2025年10月1日,中米,ドミニカ国,0 ,-,0 ,-,-,0 ,-,-,0 
2025年10月1日,中米,ドミニカ共和国,762 ,1.7%,201 ,26.4%,9.8%,561 ,73.6%,-0.9%,579 
2025年10月1日,中米,トリニダード・トバゴ,35 ,-18.6%,28 ,80.0%,-20.0%,7 ,20.0%,-12.5%,30 
2025年10月1日,中米,ニカラグア,78 ,9.9%,76 ,97.4%,11.8%,2 ,2.6%,-33.3%,69 
2025年10月1日,中米,バージン諸島（米領）,4 ,0.0%,0 ,0.0%,-,4 ,100.0%,0.0%,2 
2025年10月1日,中米,ハイチ,12 ,-7.7%,6 ,50.0%,-14.3%,6 ,50.0%,0.0%,8 
2025年10月1日,中米,パナマ,330 ,1.2%,263 ,79.7%,1.9%,67 ,20.3%,-1.5%,274 
2025年10月1日,中米,バハマ,23 ,9.5%,16 ,69.6%,-5.9%,7 ,30.4%,75.0%,16 
2025年10月1日,中米,バルバドス,22 ,4.8%,19 ,86.4%,5.6%,3 ,13.6%,0.0%,16 
2025年10月1日,中米,プエルトリコ（米領）,53 ,10.4%,24 ,45.3%,20.0%,29 ,54.7%,3.6%,38 
2025年10月1日,中米,ベリーズ,52 ,4.0%,41 ,78.8%,86.4%,11 ,21.2%,-60.7%,45 
2025年10月1日,中米,ホンジュラス,153 ,-6.1%,105 ,68.6%,-6.3%,48 ,31.4%,-5.9%,148 
2025年10月1日,中米,マルチニーク（仏領）,27 ,0.0%,5 ,18.5%,0.0%,22 ,81.5%,0.0%,17 
2025年10月1日,中米,メキシコ,"9,344 ",-6.4%,"6,499 ",69.6%,-9.5%,"2,845 ",30.4%,1.5%,"7,659 "
2025年10月1日,南米,アルゼンチン,"10,168 ",-3.4%,350 ,3.4%,-0.3%,"9,818 ",96.6%,-3.5%,"9,439 "
2025年10月1日,南米,ウルグアイ,286 ,-8.9%,58 ,20.3%,-23.7%,228 ,79.7%,-4.2%,261 
2025年10月1日,南米,エクアドル,327 ,4.8%,135 ,41.3%,17.4%,192 ,58.7%,-2.5%,269 
2025年10月1日,南米,ガイアナ,9 ,-10.0%,4 ,44.4%,-20.0%,5 ,55.6%,0.0%,4 
2025年10月1日,南米,ギアナ（仏領）,3 ,-25.0%,3 ,100.0%,-25.0%,0 ,0.0%,-,3 
2025年10月1日,南米,コロンビア,"1,232 ",-6.3%,491 ,39.9%,-2.8%,741 ,60.1%,-8.5%,989 
2025年10月1日,南米,スリナム,7 ,16.7%,5 ,71.4%,25.0%,2 ,28.6%,0.0%,6 
2025年10月1日,南米,チリ,"1,630 ",-1.9%,943 ,57.9%,-8.6%,687 ,42.1%,9.0%,"1,271 "
2025年10月1日,南米,パラグアイ,"3,837 ",1.6%,320 ,8.3%,1.9%,"3,517 ",91.7%,1.5%,"3,380 "
2025年10月1日,南米,ブラジル,"49,037 ",5.3%,"4,576 ",9.3%,0.4%,"44,461 ",90.7%,5.8%,"45,034 "
2025年10月1日,南米,ベネズエラ,203 ,-0.5%,41 ,20.2%,20.6%,162 ,79.8%,-4.7%,177 
2025年10月1日,南米,ペルー,"2,982 ",-1.0%,442 ,14.8%,3.3%,"2,540 ",85.2%,-1.7%,"2,587 "
2025年10月1日,南米,ボリビア,"2,543 ",-3.0%,163 ,6.4%,17.3%,"2,380 ",93.6%,-4.2%,"2,098 "
2025年10月1日,西欧,アイスランド,191 ,23.2%,98 ,51.3%,66.1%,93 ,48.7%,-3.1%,146 
2025年10月1日,西欧,アイルランド,"3,210 ",2.7%,"2,161 ",67.3%,1.1%,"1,049 ",32.7%,6.1%,"2,559 "
2025年10月1日,西欧,アンドラ,30 ,15.4%,14 ,46.7%,16.7%,16 ,53.3%,14.3%,24 
2025年10月1日,西欧,イタリア,"12,067 ",1.1%,"5,532 ",45.8%,3.2%,"6,535 ",54.2%,-0.6%,"9,363 "
2025年10月1日,西欧,英国,"62,270 ",-2.8%,"32,315 ",51.9%,-6.6%,"29,955 ",48.1%,1.7%,"49,723 "
2025年10月1日,西欧,エストニア,276 ,-2.1%,231 ,83.7%,-3.3%,45 ,16.3%,4.7%,208 
2025年10月1日,西欧,オーストリア,"3,415 ",2.3%,"1,403 ",41.1%,4.9%,"2,012 ",58.9%,0.6%,"2,604 "
2025年10月1日,西欧,オランダ,"11,225 ",5.3%,"8,219 ",73.2%,6.4%,"3,006 ",26.8%,2.7%,"8,433 "
2025年10月1日,西欧,キプロス,115 ,2.7%,80 ,69.6%,11.1%,35 ,30.4%,-12.5%,85 
2025年10月1日,西欧,ギリシャ,647 ,3.2%,142 ,21.9%,10.9%,505 ,78.1%,1.2%,527 
2025年10月1日,西欧,サンマリノ,7 ,0.0%,1 ,14.3%,0.0%,6 ,85.7%,0.0%,6 
2025年10月1日,西欧,スイス,"12,297 ",1.8%,"4,248 ",34.5%,2.4%,"8,049 ",65.5%,1.4%,"8,893 "
2025年10月1日,西欧,スウェーデン,"4,911 ",2.8%,"1,252 ",25.5%,10.1%,"3,659 ",74.5%,0.5%,"3,674 "
2025年10月1日,西欧,スペイン,"9,733 ",0.2%,"4,941 ",50.8%,-3.1%,"4,792 ",49.2%,3.8%,"7,371 "
2025年10月1日,西欧,デンマーク,"2,129 ",3.4%,"1,096 ",51.5%,9.2%,"1,033 ",48.5%,-2.0%,"1,739 "
2025年10月1日,西欧,ドイツ,"44,648 ",2.6%,"25,622 ",57.4%,3.4%,"19,026 ",42.6%,1.5%,"34,299 "
2025年10月1日,西欧,ノルウェー,"1,769 ",7.2%,860 ,48.6%,13.0%,909 ,51.4%,2.2%,"1,228 "
2025年10月1日,西欧,バチカン,0 ,-,0 ,-,-,0 ,-,-,0 
2025年10月1日,西欧,フィンランド,"2,545 ",2.5%,"1,061 ",41.7%,3.7%,"1,484 ",58.3%,1.6%,"1,841 "
2025年10月1日,西欧,フェロー諸島（デンマーク領）,5 ,25.0%,2 ,40.0%,0.0%,3 ,60.0%,50.0%,3 
2025年10月1日,西欧,フランス,"36,023 ",-2.8%,"20,361 ",56.5%,-5.2%,"15,662 ",43.5%,0.5%,"26,479 "
2025年10月1日,西欧,ベルギー,"5,592 ",0.3%,"3,366 ",60.2%,-0.4%,"2,226 ",39.8%,1.5%,"3,998 "
2025年10月1日,西欧,ポルトガル,"1,017 ",5.6%,618 ,60.8%,7.3%,399 ,39.2%,3.1%,806 
2025年10月1日,西欧,マルタ,332 ,8.1%,282 ,84.9%,8.0%,50 ,15.1%,8.7%,282 
2025年10月1日,西欧,モナコ,126 ,9.6%,95 ,75.4%,8.0%,31 ,24.6%,14.8%,102 
2025年10月1日,西欧,ラトビア,76 ,26.7%,60 ,78.9%,30.4%,16 ,21.1%,14.3%,63 
2025年10月1日,西欧,リトアニア,163 ,24.4%,150 ,92.0%,25.0%,13 ,8.0%,18.2%,148 
2025年10月1日,西欧,リヒテンシュタイン,28 ,0.0%,12 ,42.9%,-7.7%,16 ,57.1%,6.7%,19 
2025年10月1日,西欧,ルクセンブルク,848 ,8.3%,647 ,76.3%,8.0%,201 ,23.7%,9.2%,603 
2025年10月1日,東欧・旧ソ連,アゼルバイジャン,46 ,53.3%,46 ,100.0%,53.3%,0 ,0.0%,-,40 
2025年10月1日,東欧・旧ソ連,アルバニア,37 ,0.0%,31 ,83.8%,0.0%,6 ,16.2%,0.0%,29 
2025年10月1日,東欧・旧ソ連,アルメニア,34 ,-24.4%,30 ,88.2%,-26.8%,4 ,11.8%,0.0%,25 
2025年10月1日,東欧・旧ソ連,ウズベキスタン,216 ,34.2%,213 ,98.6%,34.8%,3 ,1.4%,0.0%,170 
2025年10月1日,東欧・旧ソ連,カザフスタン,152 ,2.7%,136 ,89.5%,2.3%,16 ,10.5%,6.7%,124 
2025年10月1日,東欧・旧ソ連,北マケドニア,32 ,-3.0%,24 ,75.0%,-4.0%,8 ,25.0%,0.0%,30 
2025年10月1日,東欧・旧ソ連,キルギス,166 ,23.9%,161 ,97.0%,24.8%,5 ,3.0%,0.0%,130 
2025年10月1日,東欧・旧ソ連,クロアチア,200 ,-3.4%,111 ,55.5%,-5.1%,89 ,44.5%,-1.1%,166 
2025年10月1日,東欧・旧ソ連,コソボ,14 ,75.0%,14 ,100.0%,75.0%,0 ,0.0%,-,14 
2025年10月1日,東欧・旧ソ連,ジョージア,241 ,20.5%,236 ,97.9%,21.6%,5 ,2.1%,-16.7%,206 
2025年10月1日,東欧・旧ソ連,スロバキア,323 ,-4.7%,237 ,73.4%,-4.8%,86 ,26.6%,-4.4%,267 
2025年10月1日,東欧・旧ソ連,スロベニア,191 ,5.5%,109 ,57.1%,13.5%,82 ,42.9%,-3.5%,138 
2025年10月1日,東欧・旧ソ連,セルビア,221 ,-10.2%,164 ,74.2%,-15.0%,57 ,25.8%,7.5%,179 
2025年10月1日,東欧・旧ソ連,タジキスタン,73 ,28.1%,73 ,100.0%,28.1%,0 ,0.0%,-,56 
2025年10月1日,東欧・旧ソ連,チェコ,"2,915 ",5.8%,"2,369 ",81.3%,5.9%,546 ,18.7%,5.8%,"2,355 "
2025年10月1日,東欧・旧ソ連,トルクメニスタン,15 ,-6.3%,15 ,100.0%,-6.3%,0 ,0.0%,-,15 
2025年10月1日,東欧・旧ソ連,ハンガリー,"1,695 ",0.1%,"1,500 ",88.5%,1.4%,195 ,11.5%,-8.9%,"1,405 "
2025年10月1日,東欧・旧ソ連,ブルガリア,207 ,7.8%,170 ,82.1%,9.7%,37 ,17.9%,0.0%,175 
2025年10月1日,東欧・旧ソ連,ベラルーシ,66 ,17.9%,54 ,81.8%,38.5%,12 ,18.2%,-29.4%,47 
2025年10月1日,東欧・旧ソ連,ポーランド,"2,031 ",-9.0%,"1,545 ",76.1%,-12.3%,486 ,23.9%,3.2%,"1,639 "
2025年10月1日,東欧・旧ソ連,ボスニア・ヘルツェゴビナ,25 ,-30.6%,23 ,92.0%,-32.4%,2 ,8.0%,0.0%,23 
2025年10月1日,東欧・旧ソ連,モルドバ,28 ,-15.2%,23 ,82.1%,-17.9%,5 ,17.9%,0.0%,23 
2025年10月1日,東欧・旧ソ連,モンテネグロ,26 ,18.2%,23 ,88.5%,21.1%,3 ,11.5%,0.0%,20 
2025年10月1日,東欧・旧ソ連,ルーマニア,411 ,8.7%,354 ,86.1%,7.9%,57 ,13.9%,14.0%,330 
2025年10月1日,東欧・旧ソ連,ロシア,916 ,-1.5%,745 ,81.3%,-1.5%,171 ,18.7%,-1.7%,716 
2025年10月1日,中東,アラブ首長国連邦,"5,300 ",11.0%,"5,068 ",95.6%,10.5%,232 ,4.4%,24.1%,"4,019 "
2025年10月1日,中東,イエメン,8 ,-20.0%,5 ,62.5%,-28.6%,3 ,37.5%,0.0%,8 
2025年10月1日,中東,イスラエル,"1,010 ",-2.9%,285 ,28.2%,-13.4%,725 ,71.8%,2.0%,691 
2025年10月1日,中東,イラク,99 ,N/A,86 ,86.9%,N/A,13 ,13.1%,N/A,93 
2025年10月1日,中東,イラン,327 ,4.1%,129 ,39.4%,18.3%,198 ,60.6%,-3.4%,265 
2025年10月1日,中東,オマーン,97 ,-10.2%,97 ,100.0%,-10.2%,0 ,0.0%,-,78 
2025年10月1日,中東,カタール,702 ,12.5%,686 ,97.7%,12.1%,16 ,2.3%,33.3%,575 
2025年10月1日,中東,クウェート,142 ,-15.5%,79 ,55.6%,-17.7%,63 ,44.4%,-12.5%,113 
2025年10月1日,中東,サウジアラビア,718 ,8.6%,660 ,91.9%,9.1%,58 ,8.1%,3.6%,560 
2025年10月1日,中東,トルコ,"1,754 ",-0.1%,"1,077 ",61.4%,3.1%,677 ,38.6%,-4.8%,"1,350 "
2025年10月1日,中東,バーレーン,188 ,0.5%,171 ,91.0%,0.6%,17 ,9.0%,0.0%,138 
2025年10月1日,中東,パレスチナ,22 ,-12.0%,7 ,31.8%,-30.0%,15 ,68.2%,0.0%,20 
2025年10月1日,中東,ヨルダン,212 ,-8.2%,184 ,86.8%,-9.8%,28 ,13.2%,3.7%,166 
2025年10月1日,中東,レバノン,67 ,-14.1%,59 ,88.1%,-15.7%,8 ,11.9%,0.0%,56 
2025年10月1日,アフリカ,アルジェリア,43 ,4.9%,31 ,72.1%,-3.1%,12 ,27.9%,33.3%,35 
2025年10月1日,アフリカ,アンゴラ,55 ,3.8%,55 ,100.0%,3.8%,0 ,0.0%,-,43 
2025年10月1日,アフリカ,ウガンダ,212 ,9.8%,188 ,88.7%,11.9%,24 ,11.3%,-4.0%,190 
2025年10月1日,アフリカ,エジプト,757 ,-5.8%,534 ,70.5%,-6.2%,223 ,29.5%,-5.1%,603 
2025年10月1日,アフリカ,エスワティニ,11 ,-8.3%,11 ,100.0%,-8.3%,0 ,0.0%,-,8 
2025年10月1日,アフリカ,エチオピア,178 ,-4.3%,177 ,99.4%,-4.3%,1 ,0.6%,0.0%,142 
2025年10月1日,アフリカ,エリトリア,9 ,0.0%,9 ,100.0%,0.0%,0 ,0.0%,-,9 
2025年10月1日,アフリカ,ガーナ,253 ,-9.3%,228 ,90.1%,-6.9%,25 ,9.9%,-26.5%,208 
2025年10月1日,アフリカ,カーボベルデ,0 ,-100.0%,0 ,-,-100.0%,0 ,-,-,0 
2025年10月1日,アフリカ,ガボン,59 ,-6.3%,50 ,84.7%,-7.4%,9 ,15.3%,0.0%,46 
2025年10月1日,アフリカ,カメルーン,76 ,26.7%,76 ,100.0%,26.7%,0 ,0.0%,-,63 
2025年10月1日,アフリカ,ガンビア,5 ,25.0%,5 ,100.0%,25.0%,0 ,0.0%,-,5 
2025年10月1日,アフリカ,ギニア,34 ,9.7%,34 ,100.0%,9.7%,0 ,0.0%,-,29 
2025年10月1日,アフリカ,ギニアビサウ,1 ,0.0%,1 ,100.0%,0.0%,0 ,0.0%,-,1 
2025年10月1日,アフリカ,ケニア,828 ,0.2%,760 ,91.8%,0.1%,68 ,8.2%,1.5%,619 
2025年10月1日,アフリカ,コートジボワール,169 ,3.7%,158 ,93.5%,4.6%,11 ,6.5%,-8.3%,132 
2025年10月1日,アフリカ,コモロ,1 ,0.0%,1 ,100.0%,0.0%,0 ,0.0%,-,1 
2025年10月1日,アフリカ,コンゴ共和国,5 ,0.0%,4 ,80.0%,0.0%,1 ,20.0%,0.0%,4 
2025年10月1日,アフリカ,コンゴ民主共和国,67 ,-4.3%,56 ,83.6%,-5.1%,11 ,16.4%,0.0%,53 
2025年10月1日,アフリカ,サントメ・プリンシペ,0 ,-,0 ,-,-,0 ,-,-,0 
2025年10月1日,アフリカ,ザンビア,197 ,-2.5%,188 ,95.4%,-3.6%,9 ,4.6%,28.6%,171 
2025年10月1日,アフリカ,シエラレオネ,16 ,-11.1%,12 ,75.0%,-7.7%,4 ,25.0%,-20.0%,16 
2025年10月1日,アフリカ,ジブチ,51 ,4.1%,51 ,100.0%,4.1%,0 ,0.0%,-,45 
2025年10月1日,アフリカ,ジンバブエ,86 ,2.4%,71 ,82.6%,2.9%,15 ,17.4%,0.0%,67 
2025年10月1日,アフリカ,スーダン,2 ,-71.4%,2 ,100.0%,-71.4%,0 ,0.0%,-,2 
2025年10月1日,アフリカ,セーシェル,23 ,-8.0%,18 ,78.3%,-5.3%,5 ,21.7%,-16.7%,20 
2025年10月1日,アフリカ,赤道ギニア,8 ,-11.1%,8 ,100.0%,-11.1%,0 ,0.0%,-,2 
2025年10月1日,アフリカ,セネガル,219 ,-3.5%,219 ,100.0%,-3.5%,0 ,0.0%,-,171 
2025年10月1日,アフリカ,ソマリア,4 ,33.3%,4 ,100.0%,33.3%,0 ,0.0%,-,4 
2025年10月1日,アフリカ,タンザニア,223 ,-0.4%,223 ,100.0%,-0.4%,0 ,0.0%,-,172 
2025年10月1日,アフリカ,チャド,3 ,0.0%,3 ,100.0%,0.0%,0 ,0.0%,-,3 
2025年10月1日,アフリカ,中央アフリカ,1 ,-,1 ,100.0%,-,0 ,0.0%,-,1 
2025年10月1日,アフリカ,チュニジア,177 ,0.0%,168 ,94.9%,-1.2%,9 ,5.1%,28.6%,134 
2025年10月1日,アフリカ,トーゴ,9 ,28.6%,9 ,100.0%,28.6%,0 ,0.0%,-,9 
2025年10月1日,アフリカ,ナイジェリア,165 ,4.4%,143 ,86.7%,4.4%,22 ,13.3%,4.8%,140 
2025年10月1日,アフリカ,ナミビア,56 ,1.8%,49 ,87.5%,0.0%,7 ,12.5%,16.7%,46 
2025年10月1日,アフリカ,西サハラ,1 ,0.0%,1 ,100.0%,0.0%,0 ,0.0%,-,1 
2025年10月1日,アフリカ,ニジェール,7 ,0.0%,7 ,100.0%,0.0%,0 ,0.0%,-,5 
2025年10月1日,アフリカ,ブルキナファソ,41 ,13.9%,31 ,75.6%,19.2%,10 ,24.4%,0.0%,32 
2025年10月1日,アフリカ,ブルンジ,15 ,7.1%,12 ,80.0%,9.1%,3 ,20.0%,0.0%,11 
2025年10月1日,アフリカ,ベナン,86 ,-4.4%,79 ,91.9%,-6.0%,7 ,8.1%,16.7%,74 
2025年10月1日,アフリカ,ボツワナ,71 ,-6.6%,70 ,98.6%,-6.7%,1 ,1.4%,0.0%,60 
2025年10月1日,アフリカ,マダガスカル,189 ,3.8%,181 ,95.8%,4.0%,8 ,4.2%,0.0%,158 
2025年10月1日,アフリカ,マラウイ,124 ,-6.8%,115 ,92.7%,-6.5%,9 ,7.3%,-10.0%,106 
2025年10月1日,アフリカ,マリ,23 ,27.8%,11 ,47.8%,10.0%,12 ,52.2%,50.0%,13 
2025年10月1日,アフリカ,南アフリカ,"1,004 ",6.9%,761 ,75.8%,9.0%,243 ,24.2%,0.8%,772 
2025年10月1日,アフリカ,南スーダン,27 ,-48.1%,27 ,100.0%,-48.1%,0 ,0.0%,-,27 
2025年10月1日,アフリカ,モーリシャス,76 ,11.8%,57 ,75.0%,11.8%,19 ,25.0%,11.8%,56 
2025年10月1日,アフリカ,モーリタニア,22 ,-15.4%,22 ,100.0%,-15.4%,0 ,0.0%,-,19 
2025年10月1日,アフリカ,モザンビーク,186 ,25.7%,178 ,95.7%,25.4%,8 ,4.3%,33.3%,144 
2025年10月1日,アフリカ,モロッコ,450 ,6.6%,386 ,85.8%,7.5%,64 ,14.2%,1.6%,318 
2025年10月1日,アフリカ,リビア,15 ,-11.8%,5 ,33.3%,25.0%,10 ,66.7%,-23.1%,14 
2025年10月1日,アフリカ,リベリア,4 ,-20.0%,4 ,100.0%,-20.0%,0 ,0.0%,-,4 
2025年10月1日,アフリカ,ルワンダ,202 ,23.9%,197 ,97.5%,24.7%,5 ,2.5%,0.0%,151 
2025年10月1日,アフリカ,レユニオン（仏領）,40 ,2.6%,24 ,60.0%,-7.7%,16 ,40.0%,23.1%,25 
2025年10月1日,アフリカ,レソト,6 ,20.0%,1 ,16.7%,0.0%,5 ,83.3%,25.0%,3 
2025年10月1日,南極,南極,31 ,14.8%,31 ,0.0%,14.8%,0 ,0.0%,-,31 
